time,RTT,deltam,deltas,omegam,omegas,thetam,thetas,pxs,pys,um,us,vm,vs,energy,b
0,500,0,0,0,0,0,0,0.0555555543137921,0,0,0,0,0,0,2.05380981721093
0.02,500,0,0,0,0,0,0,0.166666662941376,0,0,0,0,0,0,2.05380981721093
