time,RTT,deltam,deltas,omegam,omegas,thetam,thetas,pxs,pys,um,us,vm,vs,energy,b,velocity
0,500,0,0,0,0,0,0,0,0,0,0,0,0,0,2.05380981721093,0
0.02,500,-40.6,0,-4.63248214326465,0,-0.092649640794412,0,0,0,-4.5713938430751,0,0,0,0,2.05380981721093,0
