{"cameraMode":{"drawMode":0,"name":"Shaded","section":"Shading Mode"},"sceneLighting":true,"audioPlay":false,"sceneViewState":{"m_AlwaysRefresh":false,"showFog":true,"showSkybox":true,"showFlares":true,"showImageEffects":true,"showParticleSystems":true,"showVisualEffectGraphs":true,"m_FxEnabled":true},"in2DMode":false,"pivot":{"x":-2.2755067348480226,"y":7.761368751525879,"z":0.9987602233886719},"rotation":{"x":0.20400981605052949,"y":0.11861389875411987,"z":-0.02490989863872528,"w":0.971437394618988},"size":4.085567951202393,"orthographic":false}